File,Fatal
0001.txt,NO
0002.txt,NO
0003.txt,NO
0004.txt,NO
0005.txt,NO
0006.txt,NO
0007.txt,NO
0008.txt,NO
0009.txt,NO
0010.txt,NO
0011.txt,NO
0012.txt,NO
0013.txt,NO
0014.txt,NO
0015.txt,NO
0016.txt,YES
0017.txt,NO
0018.txt,NO
0019.txt,NO
0020.txt,NO
0021.txt,NO
0022.txt,NO
0023.txt,NO
0024.txt,YES
0025.txt,NO
0026.txt,YES
0027.txt,NO
0028.txt,NO
0029.txt,NO
0030.txt,NO
0031.txt,NO
0032.txt,NO
0033.txt,NO
0034.txt,NO
0035.txt,NO
0036.txt,NO
0037.txt,YES
0038.txt,NO
0039.txt,YES
0040.txt,NO
0041.txt,NO
0042.txt,NO
0043.txt,NO
0044.txt,NO
0045.txt,NO
0046.txt,NO
0047.txt,NO
0048.txt,YES
0049.txt,NO
0050.txt,YES
0051.txt,NO
0052.txt,NO
0053.txt,NO
0054.txt,YES
0055.txt,NO
0056.txt,NO
0057.txt,NO
0058.txt,NO
0059.txt,NO
0060.txt,NO
0061.txt,NO
0062.txt,NO
0063.txt,YES
0064.txt,NO
0065.txt,NO
0066.txt,NO
0067.txt,NO
0068.txt,NO
0069.txt,NO
0070.txt,NO
0071.txt,NO
0072.txt,NO
0073.txt,NO
0074.txt,NO
0075.txt,NO
0076.txt,NO
0077.txt,NO
0078.txt,NO
0079.txt,NO
0080.txt,NO
0081.txt,YES
0082.txt,NO
0083.txt,YES
0084.txt,YES
0085.txt,NO
0086.txt,NO
0087.txt,YES
0088.txt,YES
0089.txt,YES
0090.txt,NO
0091.txt,NO
0092.txt,NO
0093.txt,NO
0094.txt,NO
0095.txt,NO
0096.txt,NO
0097.txt,NO
0098.txt,NO
0099.txt,YES
0100.txt,NO
0101.txt,NO
0102.txt,NO
0103.txt,NO
0104.txt,YES
0105.txt,NO
0106.txt,NO
0107.txt,NO
0108.txt,NO
0109.txt,NO
0110.txt,NO
0111.txt,NO
0112.txt,NO
0113.txt,NO
0114.txt,NO
0115.txt,NO
0116.txt,NO
0117.txt,NO
0118.txt,NO
0119.txt,NO
0120.txt,YES
0121.txt,NO
0122.txt,NO
0123.txt,NO
0124.txt,NO
0125.txt,NO
0126.txt,NO
0127.txt,NO
0128.txt,NO
0129.txt,NO
0130.txt,NO
0131.txt,NO
0132.txt,NO
0133.txt,NO
0134.txt,NO
0135.txt,NO
0136.txt,NO
0137.txt,YES
0138.txt,NO
0139.txt,NO
0140.txt,YES
0141.txt,NO
0142.txt,YES
0143.txt,NO
0144.txt,YES
0145.txt,YES
0146.txt,NO
0147.txt,NO
0148.txt,NO
0149.txt,NO
0150.txt,NO
0151.txt,NO
0152.txt,NO
0153.txt,NO
0154.txt,NO
0155.txt,NO
0156.txt,YES
0157.txt,YES
0158.txt,NO
0159.txt,NO
0160.txt,NO
0161.txt,YES
0162.txt,YES
0163.txt,NO
0164.txt,NO
0165.txt,NO
0166.txt,NO
0167.txt,NO
0168.txt,NO
0169.txt,NO
0170.txt,NO
0171.txt,NO
0172.txt,NO
0173.txt,NO
0174.txt,YES
0175.txt,NO
0176.txt,YES
0177.txt,NO
0178.txt,NO
0179.txt,YES
0180.txt,NO
0181.txt,NO
0182.txt,YES
0183.txt,NO
0184.txt,NO
0185.txt,NO
0186.txt,NO
0187.txt,YES
0188.txt,NO
0189.txt,YES
0190.txt,YES
0191.txt,NO
0192.txt,NO
0193.txt,NO
0194.txt,NO
0195.txt,NO
0196.txt,NO
0197.txt,YES
0198.txt,NO
0199.txt,NO
0200.txt,NO
0201.txt,NO
0202.txt,NO
0203.txt,YES
0204.txt,NO
0205.txt,NO
0206.txt,NO
0207.txt,YES
0208.txt,NO
0209.txt,YES
0210.txt,NO
0211.txt,NO
0212.txt,NO
0213.txt,YES
0214.txt,NO
0215.txt,NO
0216.txt,YES
0217.txt,NO
0218.txt,YES
0219.txt,NO
0220.txt,NO
0221.txt,NO
0222.txt,NO
0223.txt,NO
0224.txt,NO
0225.txt,NO
0226.txt,NO
0227.txt,YES
0228.txt,NO
0229.txt,NO
0230.txt,NO
0231.txt,NO
0232.txt,NO
0233.txt,NO
0234.txt,NO
0235.txt,NO
0236.txt,YES
0237.txt,NO
0238.txt,NO
0239.txt,NO
0240.txt,NO
0241.txt,NO
0242.txt,NO
0243.txt,NO
0244.txt,NO
0245.txt,NO
0246.txt,NO
0247.txt,NO
0248.txt,NO
0249.txt,NO
0250.txt,NO
0251.txt,NO
0252.txt,NO
0253.txt,NO
0254.txt,YES
0255.txt,NO
0256.txt,NO
0257.txt,NO
0258.txt,NO
0259.txt,NO
0260.txt,NO
0261.txt,NO
0262.txt,NO
0263.txt,NO
0264.txt,YES
0265.txt,NO
0266.txt,NO
0267.txt,NO
0268.txt,NO
0269.txt,NO
0270.txt,NO
0271.txt,NO
0272.txt,YES
0273.txt,NO
0274.txt,NO
0275.txt,NO
0276.txt,NO
0277.txt,YES
0278.txt,NO
0279.txt,NO
0280.txt,YES
0281.txt,NO
0282.txt,YES
0283.txt,NO
0284.txt,NO
0285.txt,NO
0286.txt,NO
0287.txt,NO
0288.txt,NO
0289.txt,NO
0290.txt,NO
0291.txt,YES
0292.txt,NO
0293.txt,NO
0294.txt,NO
0295.txt,NO
0296.txt,NO
0297.txt,NO
0298.txt,NO
0299.txt,NO
0300.txt,NO
0301.txt,NO
0302.txt,NO
0303.txt,NO
0304.txt,NO
0305.txt,NO
0306.txt,NO
0307.txt,NO
0308.txt,YES
0309.txt,NO
0310.txt,NO
0311.txt,NO
0312.txt,NO
0313.txt,NO
0314.txt,NO
0315.txt,NO
0316.txt,NO
0317.txt,YES
0318.txt,NO
0319.txt,NO
0320.txt,NO
0321.txt,NO
0322.txt,NO
0323.txt,YES
0324.txt,NO
0325.txt,NO
0326.txt,NO
0327.txt,NO
0328.txt,NO
0329.txt,NO
0330.txt,NO
0331.txt,NO
0332.txt,YES
0333.txt,NO
0334.txt,NO
0335.txt,YES
0336.txt,NO
0337.txt,NO
0338.txt,NO
0339.txt,NO
0340.txt,NO
0341.txt,NO
0342.txt,YES
0343.txt,NO
0344.txt,NO
0345.txt,NO
0346.txt,NO
0347.txt,NO
0348.txt,NO
0349.txt,YES
0350.txt,NO
0351.txt,NO
0352.txt,NO
0353.txt,NO
0354.txt,NO
0355.txt,NO
0356.txt,NO
0357.txt,YES
0358.txt,NO
0359.txt,YES
0360.txt,NO
0361.txt,NO
0362.txt,YES
0363.txt,NO
0364.txt,NO
0365.txt,YES
0366.txt,NO
0367.txt,NO
0368.txt,NO
0369.txt,YES
0370.txt,NO
0371.txt,YES
0372.txt,NO
0373.txt,NO
0374.txt,NO
0375.txt,NO
0376.txt,NO
0377.txt,NO
0378.txt,NO
0379.txt,NO
0380.txt,NO
0381.txt,NO
0382.txt,NO
0383.txt,NO
0384.txt,YES
0385.txt,NO
0386.txt,NO
0387.txt,NO
0388.txt,YES
0389.txt,NO
0390.txt,NO
0391.txt,NO
0392.txt,NO
0393.txt,NO
0394.txt,NO
0395.txt,YES
0396.txt,NO
0397.txt,NO
0398.txt,NO
0399.txt,NO
0400.txt,NO
0401.txt,NO
0402.txt,YES
0403.txt,NO
0404.txt,NO
0405.txt,NO
0406.txt,NO
0407.txt,NO
0408.txt,NO
0409.txt,YES
0410.txt,YES
0411.txt,YES
0412.txt,NO
0413.txt,NO
0414.txt,YES
0415.txt,NO
0416.txt,NO
0417.txt,NO
0418.txt,NO
0419.txt,NO
0420.txt,NO
0421.txt,NO
0422.txt,NO
0423.txt,NO
0424.txt,NO
0425.txt,YES
0426.txt,YES
0427.txt,NO
0428.txt,NO
0429.txt,NO
0430.txt,NO
0431.txt,NO
0432.txt,NO
0433.txt,NO
0434.txt,NO
0435.txt,NO
0436.txt,NO
0437.txt,YES
0438.txt,NO
0439.txt,NO
0440.txt,NO
0441.txt,YES
0442.txt,NO
0443.txt,NO
0444.txt,NO
0445.txt,NO
0446.txt,NO
0447.txt,YES
0448.txt,NO
0449.txt,YES
0450.txt,NO
0451.txt,NO
0452.txt,NO
0453.txt,NO
0454.txt,NO
0455.txt,NO
0456.txt,NO
0457.txt,NO
0458.txt,NO
0459.txt,NO
0460.txt,NO
0461.txt,NO
0462.txt,NO
0463.txt,NO
0464.txt,NO
0465.txt,NO
0466.txt,NO
0467.txt,NO
0468.txt,YES
0469.txt,NO
0470.txt,YES
0471.txt,NO
0472.txt,NO
0473.txt,NO
0474.txt,NO
0475.txt,NO
0476.txt,NO
0477.txt,NO
0478.txt,NO
0479.txt,NO
0480.txt,YES
0481.txt,NO
0482.txt,NO
0483.txt,NO
0484.txt,NO
0485.txt,NO
0486.txt,NO
0487.txt,NO
0488.txt,NO
0489.txt,NO
0490.txt,NO
0491.txt,YES
0492.txt,NO
0493.txt,NO
0494.txt,NO
0495.txt,NO
0496.txt,NO
0497.txt,YES
0498.txt,NO
0499.txt,NO
0500.txt,NO
0501.txt,NO
0502.txt,NO
0503.txt,NO
0504.txt,NO
0505.txt,YES
0506.txt,NO
0507.txt,NO
0508.txt,NO
0509.txt,NO
0510.txt,NO
0511.txt,NO
0512.txt,NO
0513.txt,NO
0514.txt,NO
0515.txt,NO
0516.txt,NO
0517.txt,NO
0518.txt,YES
0519.txt,NO
0520.txt,NO
0521.txt,YES
0522.txt,YES
0523.txt,NO
0524.txt,NO
0525.txt,NO
0526.txt,NO
0527.txt,NO
0528.txt,NO
0529.txt,NO
0530.txt,NO
0531.txt,NO
0532.txt,NO
0533.txt,NO
0534.txt,NO
0535.txt,NO
0536.txt,NO
0537.txt,NO
0538.txt,NO
0539.txt,NO
0540.txt,NO
0541.txt,NO
0542.txt,NO
0543.txt,NO
0544.txt,NO
0545.txt,NO
0546.txt,YES
0547.txt,NO
0548.txt,YES
0549.txt,NO
0550.txt,NO
0551.txt,YES
0552.txt,NO
0553.txt,NO
0554.txt,NO
0555.txt,NO
0556.txt,NO
0557.txt,NO
0558.txt,NO
0559.txt,NO
0560.txt,NO
0561.txt,NO
0562.txt,NO
0563.txt,NO
0564.txt,NO
0565.txt,NO
0566.txt,NO
0567.txt,NO
0568.txt,NO
0569.txt,NO
0570.txt,YES
0571.txt,NO
0572.txt,YES
0573.txt,NO
0574.txt,NO
0575.txt,NO
0576.txt,NO
0577.txt,NO
0578.txt,NO
0579.txt,YES
0580.txt,NO
0581.txt,NO
0582.txt,NO
0583.txt,NO
0584.txt,NO
0585.txt,NO
0586.txt,YES
0587.txt,NO
0588.txt,YES
0589.txt,NO
0590.txt,YES
0591.txt,YES
0592.txt,YES
0593.txt,NO
0594.txt,NO
0595.txt,YES
0596.txt,NO
0597.txt,NO
0598.txt,NO
0599.txt,YES
0600.txt,NO
0601.txt,NO
0602.txt,YES
0603.txt,NO
0604.txt,NO
0605.txt,NO
0606.txt,NO
0607.txt,NO
0608.txt,NO
0609.txt,NO
0610.txt,NO
0611.txt,NO
0612.txt,NO
0613.txt,NO
0614.txt,NO
0615.txt,NO
0616.txt,NO
0617.txt,NO
0618.txt,NO
0619.txt,NO
0620.txt,NO
0621.txt,NO
0622.txt,NO
0623.txt,NO
0624.txt,NO
0625.txt,NO
0626.txt,NO
0627.txt,NO
0628.txt,NO
0629.txt,NO
0630.txt,YES
0631.txt,NO
0632.txt,NO
0633.txt,NO
0634.txt,YES
0635.txt,NO
0636.txt,YES
0637.txt,NO
0638.txt,NO
0639.txt,YES
0640.txt,YES
0641.txt,NO
0642.txt,NO
0643.txt,NO
0644.txt,NO
0645.txt,NO
0646.txt,NO
0647.txt,YES
0648.txt,YES
0649.txt,NO
0650.txt,NO
0651.txt,NO
0652.txt,NO
0653.txt,YES
0654.txt,NO
0655.txt,NO
0656.txt,NO
0657.txt,NO
0658.txt,NO
0659.txt,YES
0660.txt,NO
0661.txt,NO
0662.txt,YES
0663.txt,NO
0664.txt,NO
0665.txt,NO
0666.txt,NO
0667.txt,YES
0668.txt,YES
0669.txt,NO
0670.txt,NO
0671.txt,NO
0672.txt,YES
0673.txt,NO
0674.txt,NO
0675.txt,NO
0676.txt,NO
0677.txt,NO
0678.txt,NO
0679.txt,NO
0680.txt,NO
0681.txt,NO
0682.txt,NO
0683.txt,NO
0684.txt,NO
0685.txt,NO
0686.txt,NO
0687.txt,NO
0688.txt,NO
0689.txt,NO
0690.txt,NO
0691.txt,NO
0692.txt,NO
0693.txt,YES
0694.txt,YES
0695.txt,NO
0696.txt,NO
0697.txt,NO
0698.txt,NO
0699.txt,NO
0700.txt,YES
0701.txt,YES
0702.txt,NO
0703.txt,NO
0704.txt,YES
0705.txt,NO
0706.txt,NO
0707.txt,YES
0708.txt,NO
0709.txt,NO
0710.txt,NO
0711.txt,YES
0712.txt,NO
0713.txt,YES
0714.txt,NO
0715.txt,NO
0716.txt,NO
0717.txt,NO
0718.txt,NO
0719.txt,NO
0720.txt,NO
0721.txt,NO
0722.txt,NO
0723.txt,YES
0724.txt,YES
0725.txt,NO
0726.txt,NO
0727.txt,YES
0728.txt,NO
0729.txt,NO
0730.txt,NO
0731.txt,NO
0732.txt,NO
0733.txt,NO
0734.txt,NO
0735.txt,NO
0736.txt,NO
0737.txt,NO
0738.txt,NO
0739.txt,NO
0740.txt,NO
0741.txt,NO
0742.txt,NO
0743.txt,NO
0744.txt,NO
0745.txt,NO
0746.txt,NO
0747.txt,NO
0748.txt,NO
0749.txt,NO
0750.txt,YES
0751.txt,NO
0752.txt,YES
0753.txt,NO
0754.txt,NO
0755.txt,NO
0756.txt,NO
0757.txt,NO
0758.txt,YES
0759.txt,NO
0760.txt,NO
0761.txt,NO
0762.txt,NO
0763.txt,NO
0764.txt,NO
0765.txt,NO
0766.txt,NO
0767.txt,YES
0768.txt,NO
0769.txt,NO
0770.txt,NO
0771.txt,NO
0772.txt,NO
0773.txt,NO
0774.txt,NO
0775.txt,NO
0776.txt,NO
0777.txt,NO
0778.txt,YES
0779.txt,NO
0780.txt,NO
0781.txt,NO
0782.txt,YES
0783.txt,NO
0784.txt,NO
0785.txt,YES
0786.txt,NO
0787.txt,YES
0788.txt,YES
0789.txt,NO
0790.txt,NO
0791.txt,NO
0792.txt,NO
0793.txt,NO
0794.txt,NO
0795.txt,NO
0796.txt,YES
0797.txt,NO
0798.txt,YES
0799.txt,NO
0800.txt,NO
0801.txt,NO
0802.txt,NO
0803.txt,NO
0804.txt,NO
0805.txt,YES
0806.txt,NO
0807.txt,NO
0808.txt,NO
0809.txt,NO
0810.txt,YES
0811.txt,NO
0812.txt,NO
0813.txt,NO
0814.txt,NO
0815.txt,NO
0816.txt,NO
0817.txt,NO
0818.txt,NO
0819.txt,NO
0820.txt,YES
0821.txt,YES
0822.txt,NO
0823.txt,NO
0824.txt,NO
0825.txt,YES
0826.txt,NO
0827.txt,NO
0828.txt,NO
0829.txt,NO
0830.txt,NO
0831.txt,NO
0832.txt,NO
0833.txt,NO
0834.txt,NO
0835.txt,YES
0836.txt,NO
0837.txt,NO
0838.txt,YES
0839.txt,YES
0840.txt,NO
0841.txt,NO
0842.txt,NO
0843.txt,NO
0844.txt,NO
0845.txt,NO
0846.txt,NO
0847.txt,YES
0848.txt,NO
0849.txt,NO
0850.txt,NO
0851.txt,YES
0852.txt,NO
0853.txt,NO
0854.txt,NO
0855.txt,NO
0856.txt,NO
0857.txt,NO
0858.txt,NO
0859.txt,NO
0860.txt,NO
0861.txt,NO
0862.txt,NO
0863.txt,NO
0864.txt,NO
0865.txt,NO
0866.txt,NO
0867.txt,NO
0868.txt,NO
0869.txt,NO
0870.txt,NO
0871.txt,NO
0872.txt,NO
0873.txt,NO
0874.txt,NO
0875.txt,NO
0876.txt,NO
0877.txt,NO
0878.txt,NO
0879.txt,NO
0880.txt,NO
0881.txt,NO
0882.txt,NO
0883.txt,NO
0884.txt,NO
0885.txt,NO
0886.txt,NO
0887.txt,NO
0888.txt,NO
0889.txt,NO
0890.txt,NO
0891.txt,NO
0892.txt,NO
0893.txt,NO
0894.txt,YES
0895.txt,NO
0896.txt,NO
0897.txt,NO
0898.txt,YES
0899.txt,NO
0900.txt,NO
0901.txt,NO
0902.txt,YES
0903.txt,NO
0904.txt,NO
0905.txt,NO
0906.txt,NO
0907.txt,NO
0908.txt,NO
0909.txt,NO
0910.txt,NO
0911.txt,NO
0912.txt,NO
0913.txt,NO
0914.txt,NO
0915.txt,NO
0916.txt,NO
0917.txt,NO
0918.txt,NO
0919.txt,NO
0920.txt,NO
0921.txt,YES
0922.txt,NO
0923.txt,NO
0924.txt,NO
0925.txt,NO
0926.txt,NO
0927.txt,NO
0928.txt,YES
0929.txt,NO
0930.txt,NO
0931.txt,NO
0932.txt,NO
0933.txt,NO
0934.txt,NO
0935.txt,NO
0936.txt,NO
0937.txt,NO
0938.txt,NO
0939.txt,NO
0940.txt,NO
0941.txt,NO
0942.txt,YES
0943.txt,NO
0944.txt,NO
0945.txt,NO
0946.txt,YES
0947.txt,NO
0948.txt,YES
0949.txt,NO
0950.txt,NO
0951.txt,YES
0952.txt,NO
0953.txt,NO
0954.txt,NO
0955.txt,NO
0956.txt,NO
0957.txt,NO
0958.txt,YES
0959.txt,NO
0960.txt,NO
0961.txt,NO
0962.txt,NO
0963.txt,NO
0964.txt,YES
0965.txt,YES
0966.txt,NO
0967.txt,YES
0968.txt,NO
0969.txt,NO
0970.txt,NO
0971.txt,NO
0972.txt,NO
0973.txt,NO
0974.txt,NO
0975.txt,NO
0976.txt,NO
0977.txt,NO
0978.txt,NO
0979.txt,NO
0980.txt,NO
0981.txt,NO
0982.txt,YES
0983.txt,NO
0984.txt,NO
0985.txt,NO
0986.txt,NO
0987.txt,YES
0988.txt,NO
0989.txt,NO
0990.txt,NO
0991.txt,NO
0992.txt,NO
0993.txt,NO
0994.txt,NO
0995.txt,NO
0996.txt,NO
0997.txt,NO
0998.txt,YES
0999.txt,NO
1000.txt,NO
1001.txt,NO
1002.txt,NO
1003.txt,NO
1004.txt,NO
1005.txt,YES
1006.txt,NO
1007.txt,NO
1008.txt,NO
1009.txt,NO
1010.txt,NO
1011.txt,NO
1012.txt,NO
1013.txt,NO
1014.txt,NO
1015.txt,NO
1016.txt,NO
1017.txt,NO
1018.txt,NO
1019.txt,NO
1020.txt,NO
1021.txt,NO
1022.txt,NO
1023.txt,YES
1024.txt,NO
1025.txt,YES
1026.txt,YES
1027.txt,NO
1028.txt,NO
1029.txt,YES
1030.txt,NO
1031.txt,NO
1032.txt,NO
1033.txt,YES
1034.txt,NO
1035.txt,NO
1036.txt,NO
1037.txt,NO
1038.txt,NO
1039.txt,NO
1040.txt,NO
1041.txt,NO
1042.txt,NO
1043.txt,NO
1044.txt,YES
1045.txt,NO
1046.txt,YES
1047.txt,NO
1048.txt,NO
1049.txt,NO
1050.txt,NO
1051.txt,NO
1052.txt,NO
1053.txt,NO
1054.txt,NO
1055.txt,NO
1056.txt,YES
1057.txt,NO
1058.txt,NO
1059.txt,NO
1060.txt,NO
1061.txt,YES
1062.txt,NO
1063.txt,NO
1064.txt,NO
1065.txt,YES
1066.txt,YES
1067.txt,NO
1068.txt,NO
1069.txt,NO
1070.txt,NO
1071.txt,NO
1072.txt,NO
1073.txt,NO
1074.txt,NO
1075.txt,NO
1076.txt,NO
1077.txt,NO
1078.txt,NO
1079.txt,NO
1080.txt,YES
1081.txt,NO
1082.txt,NO
1083.txt,NO
1084.txt,NO
1085.txt,YES
1086.txt,NO
1087.txt,NO
1088.txt,NO
1089.txt,NO
1090.txt,NO
1091.txt,NO
1092.txt,NO
1093.txt,NO
1094.txt,NO
1095.txt,NO
1096.txt,NO
1097.txt,YES
1098.txt,NO
1099.txt,YES
1100.txt,YES
1101.txt,NO
1102.txt,NO
1103.txt,NO
1104.txt,NO
1105.txt,NO
1106.txt,NO
1107.txt,NO
1108.txt,YES
1109.txt,NO
1110.txt,NO
1111.txt,NO
1112.txt,YES
1113.txt,NO
1114.txt,NO
1115.txt,NO
1116.txt,NO
1117.txt,NO
1118.txt,NO
1119.txt,NO
1120.txt,NO
1121.txt,NO
1122.txt,NO
1123.txt,YES
1124.txt,YES
1125.txt,NO
1126.txt,NO
1127.txt,NO
1128.txt,NO
1129.txt,NO
1130.txt,NO
1131.txt,NO
1132.txt,NO
1133.txt,NO
1134.txt,NO
1135.txt,YES
1136.txt,NO
1137.txt,NO
1138.txt,NO
1139.txt,NO
1140.txt,NO
1141.txt,NO
1142.txt,NO
1143.txt,YES
1144.txt,NO
1145.txt,NO
1146.txt,NO
1147.txt,NO
1148.txt,NO
1149.txt,YES
1150.txt,NO
1151.txt,NO
1152.txt,NO
1153.txt,NO
1154.txt,NO
1155.txt,YES
1156.txt,NO
1157.txt,NO
1158.txt,YES
1159.txt,NO
1160.txt,NO
1161.txt,NO
1162.txt,NO
1163.txt,NO
1164.txt,NO
1165.txt,NO
1166.txt,NO
1167.txt,NO
1168.txt,NO
1169.txt,NO
1170.txt,NO
1171.txt,NO
1172.txt,NO
1173.txt,YES
1174.txt,NO
1175.txt,NO
1176.txt,NO
1177.txt,NO
1178.txt,NO
1179.txt,NO
1180.txt,NO
1181.txt,NO
1182.txt,NO
1183.txt,NO
1184.txt,NO
1185.txt,NO
1186.txt,NO
1187.txt,NO
1188.txt,NO
1189.txt,NO
1190.txt,NO
1191.txt,NO
1192.txt,NO
1193.txt,NO
1194.txt,NO
1195.txt,NO
1196.txt,NO
1197.txt,YES
1198.txt,NO
1199.txt,NO
1200.txt,NO
1201.txt,YES
1202.txt,NO
1203.txt,NO
1204.txt,NO
1205.txt,NO
1206.txt,NO
1207.txt,YES
1208.txt,NO
1209.txt,NO
1210.txt,NO
1211.txt,YES
1212.txt,NO
1213.txt,NO
1214.txt,NO
1215.txt,NO
1216.txt,NO
1217.txt,NO
1218.txt,NO
1219.txt,NO
1220.txt,YES
1221.txt,NO
1222.txt,NO
1223.txt,NO
1224.txt,NO
1225.txt,NO
1226.txt,NO
1227.txt,YES
1228.txt,NO
1229.txt,NO
1230.txt,NO
1231.txt,NO
1232.txt,NO
1233.txt,YES
1234.txt,NO
1235.txt,NO
1236.txt,NO
1237.txt,YES
1238.txt,NO
1239.txt,NO
1240.txt,NO
1241.txt,NO
1242.txt,NO
1243.txt,NO
1244.txt,NO
1245.txt,NO
1246.txt,NO
1247.txt,NO
1248.txt,NO
1249.txt,NO
1250.txt,NO
1251.txt,NO
1252.txt,NO
1253.txt,NO
1254.txt,NO
1255.txt,NO
1256.txt,YES
1257.txt,NO
1258.txt,NO
1259.txt,NO
1260.txt,NO
1261.txt,NO
1262.txt,NO
1263.txt,NO
1264.txt,NO
1265.txt,NO
1266.txt,NO
1267.txt,NO
1268.txt,NO
1269.txt,NO
1270.txt,NO
1271.txt,NO
1272.txt,NO
1273.txt,YES
1274.txt,NO
1275.txt,YES
1276.txt,NO
1277.txt,NO
1278.txt,NO
1279.txt,NO
1280.txt,NO
1281.txt,NO
1282.txt,YES
1283.txt,NO
1284.txt,NO
1285.txt,NO
1286.txt,NO
1287.txt,NO
1288.txt,NO
1289.txt,YES
1290.txt,NO
1291.txt,YES
1292.txt,NO
1293.txt,NO
1294.txt,NO
1295.txt,NO
1296.txt,YES
1297.txt,NO
1298.txt,YES
1299.txt,NO
1300.txt,NO
1301.txt,YES
1302.txt,YES
1303.txt,YES
1304.txt,YES
1305.txt,NO
1306.txt,NO
1307.txt,NO
1308.txt,NO
1309.txt,NO
1310.txt,NO
1311.txt,NO
1312.txt,YES
1313.txt,NO
1314.txt,NO
1315.txt,NO
1316.txt,NO
1317.txt,NO
1318.txt,NO
1319.txt,YES
1320.txt,NO
1321.txt,NO
1322.txt,NO
1323.txt,YES
1324.txt,YES
1325.txt,NO
1326.txt,NO
1327.txt,NO
1328.txt,NO
1329.txt,NO
1330.txt,NO
1331.txt,NO
1332.txt,NO
1333.txt,NO
1334.txt,NO
1335.txt,NO
1336.txt,NO
1337.txt,NO
1338.txt,NO
1339.txt,YES
1340.txt,NO
1341.txt,NO
1342.txt,NO
1343.txt,NO
1344.txt,YES
1345.txt,NO
1346.txt,NO
1347.txt,YES
1348.txt,NO
1349.txt,NO
1350.txt,NO
1351.txt,YES
1352.txt,YES
1353.txt,NO
1354.txt,NO
1355.txt,NO
1356.txt,NO
1357.txt,NO
1358.txt,NO
1359.txt,NO
1360.txt,NO
1361.txt,NO
1362.txt,NO
1363.txt,NO
1364.txt,NO
1365.txt,NO
1366.txt,NO
1367.txt,NO
1368.txt,NO
1369.txt,NO
1370.txt,NO
1371.txt,NO
1372.txt,NO
1373.txt,NO
1374.txt,NO
1375.txt,NO
1376.txt,NO
1377.txt,NO
1378.txt,NO
1379.txt,YES
1380.txt,NO
1381.txt,NO
1382.txt,NO
1383.txt,YES
1384.txt,NO
1385.txt,NO
1386.txt,NO
1387.txt,YES
1388.txt,NO
1389.txt,NO
1390.txt,NO
1391.txt,NO
1392.txt,NO
1393.txt,NO
1394.txt,NO
1395.txt,NO
1396.txt,NO
1397.txt,NO
1398.txt,NO
1399.txt,YES
1400.txt,NO
1401.txt,NO
1402.txt,YES
1403.txt,NO
1404.txt,NO
1405.txt,NO
1406.txt,NO
1407.txt,YES
1408.txt,NO
1409.txt,NO
1410.txt,NO
1411.txt,YES
1412.txt,NO
1413.txt,NO
1414.txt,NO
1415.txt,NO
1416.txt,NO
1417.txt,NO
1418.txt,NO
1419.txt,NO
1420.txt,NO
1421.txt,NO
1422.txt,NO
1423.txt,NO
1424.txt,NO
1425.txt,NO
1426.txt,NO
1427.txt,NO
1428.txt,NO
1429.txt,NO
1430.txt,NO
1431.txt,NO
1432.txt,NO
1433.txt,NO
1434.txt,NO
1435.txt,YES
1436.txt,YES
1437.txt,NO
1438.txt,NO
1439.txt,YES
1440.txt,NO
1441.txt,NO
1442.txt,NO
1443.txt,NO
1444.txt,NO
1445.txt,NO
1446.txt,NO
1447.txt,NO
1448.txt,NO
1449.txt,NO
1450.txt,NO
1451.txt,NO
1452.txt,NO
1453.txt,NO
1454.txt,YES
1455.txt,NO
1456.txt,NO
1457.txt,NO
1458.txt,NO
1459.txt,NO
1460.txt,NO
1461.txt,YES
1462.txt,NO
1463.txt,NO
1464.txt,NO
1465.txt,NO
1466.txt,NO
1467.txt,NO
1468.txt,NO
1469.txt,NO
1470.txt,YES
1471.txt,NO
1472.txt,NO
1473.txt,NO
1474.txt,NO
1475.txt,NO
1476.txt,NO
1477.txt,NO
1478.txt,YES
1479.txt,NO
1480.txt,NO
1481.txt,NO
1482.txt,NO
1483.txt,YES
1484.txt,NO
1485.txt,NO
1486.txt,YES
1487.txt,NO
1488.txt,NO
1489.txt,YES
1490.txt,NO
1491.txt,NO
1492.txt,NO
1493.txt,YES
1494.txt,NO
1495.txt,NO
1496.txt,NO
1497.txt,NO
1498.txt,NO
1499.txt,NO
1500.txt,NO
1501.txt,NO
1502.txt,NO
1503.txt,NO
1504.txt,YES
1505.txt,NO
1506.txt,NO
1507.txt,NO
1508.txt,NO
1509.txt,NO
1510.txt,NO
1511.txt,NO
1512.txt,NO
1513.txt,YES
1514.txt,NO
1515.txt,NO
1516.txt,NO
1517.txt,NO
1518.txt,NO
1519.txt,NO
1520.txt,NO
1521.txt,NO
1522.txt,NO
1523.txt,NO
1524.txt,NO
1525.txt,NO
1526.txt,NO
1527.txt,NO
1528.txt,NO
1529.txt,YES
1530.txt,NO
1531.txt,NO
1532.txt,NO
1533.txt,YES
1534.txt,YES
1535.txt,NO
1536.txt,NO
1537.txt,NO
1538.txt,NO
1539.txt,NO
1540.txt,NO
1541.txt,YES
1542.txt,NO
1543.txt,YES
1544.txt,YES
1545.txt,NO
1546.txt,NO
1547.txt,NO
1548.txt,NO
1549.txt,NO
1550.txt,NO
1551.txt,NO
1552.txt,NO
1553.txt,NO
1554.txt,NO
1555.txt,NO
1556.txt,YES
1557.txt,NO
1558.txt,NO
1559.txt,NO
1560.txt,NO
1561.txt,NO
1562.txt,YES
1563.txt,NO
1564.txt,NO
1565.txt,NO
1566.txt,YES
1567.txt,YES
1568.txt,NO
1569.txt,YES
1570.txt,YES
1571.txt,YES
1572.txt,NO
1573.txt,NO
1574.txt,NO
1575.txt,YES
1576.txt,NO
1577.txt,NO
1578.txt,NO
1579.txt,NO
1580.txt,NO
1581.txt,NO
1582.txt,NO
1583.txt,NO
1584.txt,NO
1585.txt,NO
1586.txt,NO
1587.txt,NO
1588.txt,NO
1589.txt,NO
1590.txt,NO
1591.txt,YES
1592.txt,NO
1593.txt,YES
1594.txt,NO
1595.txt,NO
1596.txt,NO
1597.txt,NO
1598.txt,NO
1599.txt,NO
1600.txt,NO
1601.txt,NO
1602.txt,NO
1603.txt,NO
1604.txt,NO
1605.txt,NO
1606.txt,YES
1607.txt,NO
1608.txt,NO
1609.txt,NO
1610.txt,NO
1611.txt,NO
1612.txt,NO
1613.txt,NO
1614.txt,YES
1615.txt,YES
1616.txt,NO
1617.txt,YES
1618.txt,NO
1619.txt,NO
1620.txt,NO
1621.txt,NO
1622.txt,NO
1623.txt,NO
1624.txt,YES
1625.txt,NO
1626.txt,NO
1627.txt,YES
1628.txt,NO
1629.txt,NO
1630.txt,NO
1631.txt,NO
1632.txt,NO
1633.txt,NO
1634.txt,NO
1635.txt,YES
1636.txt,NO
1637.txt,NO
1638.txt,YES
1639.txt,NO
1640.txt,NO
1641.txt,NO
1642.txt,NO
1643.txt,NO
1644.txt,NO
1645.txt,NO
1646.txt,NO
1647.txt,NO
1648.txt,NO
1649.txt,NO
1650.txt,NO
1651.txt,NO
1652.txt,YES
1653.txt,NO
1654.txt,NO
1655.txt,NO
1656.txt,NO
1657.txt,NO
1658.txt,NO
1659.txt,NO
1660.txt,NO
1661.txt,NO
1662.txt,YES
1663.txt,NO
1664.txt,NO
1665.txt,YES
1666.txt,NO
1667.txt,NO
1668.txt,NO
1669.txt,YES
1670.txt,NO
1671.txt,YES
1672.txt,NO
1673.txt,NO
1674.txt,NO
1675.txt,NO
1676.txt,YES
1677.txt,NO
1678.txt,NO
1679.txt,NO
1680.txt,NO
1681.txt,NO
1682.txt,NO
1683.txt,NO
1684.txt,NO
1685.txt,YES
1686.txt,YES
1687.txt,NO
1688.txt,NO
1689.txt,NO
1690.txt,NO
1691.txt,NO
1692.txt,NO
1693.txt,NO
1694.txt,NO
1695.txt,YES
1696.txt,NO
1697.txt,YES
1698.txt,NO
1699.txt,NO
1700.txt,NO
1701.txt,NO
1702.txt,NO
1703.txt,NO
1704.txt,NO
1705.txt,YES
1706.txt,NO
1707.txt,NO
1708.txt,NO
1709.txt,NO
1710.txt,NO
1711.txt,YES
1712.txt,NO
1713.txt,NO
1714.txt,YES
1715.txt,YES
1716.txt,NO
1717.txt,NO
1718.txt,NO
1719.txt,NO
1720.txt,NO
1721.txt,NO
1722.txt,NO
1723.txt,NO
1724.txt,NO
1725.txt,NO
1726.txt,YES
1727.txt,NO
1728.txt,NO
1729.txt,NO
1730.txt,NO
1731.txt,NO
1732.txt,NO
1733.txt,NO
1734.txt,NO
1735.txt,NO
1736.txt,NO
1737.txt,YES
1738.txt,NO
1739.txt,NO
1740.txt,NO
1741.txt,NO
1742.txt,NO
1743.txt,NO
1744.txt,NO
1745.txt,NO
1746.txt,YES
1747.txt,NO
1748.txt,NO
1749.txt,NO
1750.txt,NO
1751.txt,NO
1752.txt,NO
1753.txt,NO
1754.txt,YES
1755.txt,NO
1756.txt,NO
1757.txt,NO
1758.txt,NO
1759.txt,NO
1760.txt,NO
1761.txt,YES
1762.txt,NO
1763.txt,NO
1764.txt,NO
1765.txt,YES
1766.txt,YES
1767.txt,YES
1768.txt,NO
1769.txt,NO
1770.txt,NO
1771.txt,NO
1772.txt,NO
1773.txt,NO
1774.txt,NO
1775.txt,NO
1776.txt,NO
1777.txt,NO
1778.txt,NO
1779.txt,NO
1780.txt,NO
1781.txt,NO
1782.txt,NO
1783.txt,NO
1784.txt,NO
1785.txt,NO
1786.txt,NO
1787.txt,NO
1788.txt,NO
1789.txt,NO
1790.txt,NO
1791.txt,NO
1792.txt,NO
1793.txt,NO
1794.txt,NO
1795.txt,NO
1796.txt,NO
1797.txt,YES
1798.txt,NO
1799.txt,NO
1800.txt,YES
1801.txt,NO
1802.txt,YES
1803.txt,NO
1804.txt,NO
1805.txt,YES
1806.txt,NO
1807.txt,NO
1808.txt,NO
1809.txt,NO
1810.txt,YES
1811.txt,YES
1812.txt,NO
1813.txt,NO
1814.txt,NO
1815.txt,NO
1816.txt,NO
1817.txt,NO
1818.txt,NO
1819.txt,YES
1820.txt,NO
1821.txt,NO
1822.txt,YES
1823.txt,YES
1824.txt,YES
1825.txt,YES
1826.txt,NO
1827.txt,NO
1828.txt,NO
1829.txt,NO
1830.txt,NO
1831.txt,NO
1832.txt,NO
1833.txt,NO
1834.txt,NO
1835.txt,NO
1836.txt,YES
1837.txt,NO
1838.txt,NO
1839.txt,NO
1840.txt,NO
1841.txt,NO
1842.txt,YES
1843.txt,NO
1844.txt,NO
1845.txt,YES
1846.txt,NO
1847.txt,NO
1848.txt,NO
1849.txt,NO
1850.txt,NO
1851.txt,NO
1852.txt,NO
1853.txt,YES
1854.txt,NO
1855.txt,NO
1856.txt,NO
1857.txt,YES
1858.txt,NO
1859.txt,NO
1860.txt,NO
1861.txt,YES
1862.txt,NO
1863.txt,NO
1864.txt,NO
1865.txt,NO
1866.txt,NO
1867.txt,NO
1868.txt,NO
1869.txt,NO
1870.txt,NO
1871.txt,NO
1872.txt,YES
1873.txt,NO
1874.txt,NO
1875.txt,YES
1876.txt,YES
1877.txt,NO
1878.txt,NO
1879.txt,NO
1880.txt,YES
1881.txt,NO
1882.txt,NO
1883.txt,NO
1884.txt,NO
1885.txt,NO
1886.txt,NO
1887.txt,NO
1888.txt,NO
1889.txt,YES
1890.txt,YES
1891.txt,NO
1892.txt,YES
1893.txt,NO
1894.txt,YES
1895.txt,NO
1896.txt,NO
1897.txt,NO
1898.txt,YES
1899.txt,YES
1900.txt,NO
1901.txt,YES
1902.txt,NO
1903.txt,YES
1904.txt,NO
1905.txt,NO
1906.txt,NO
1907.txt,NO
1908.txt,NO
1909.txt,NO
1910.txt,YES
1911.txt,NO
1912.txt,NO
1913.txt,YES
1914.txt,NO
1915.txt,NO
1916.txt,NO
1917.txt,NO
1918.txt,NO
1919.txt,NO
1920.txt,NO
1921.txt,NO
1922.txt,NO
1923.txt,NO
1924.txt,YES
1925.txt,NO
1926.txt,NO
1927.txt,NO
1928.txt,NO
1929.txt,YES
1930.txt,YES
1931.txt,NO
1932.txt,NO
1933.txt,NO
1934.txt,NO
1935.txt,NO
1936.txt,NO
1937.txt,NO
1938.txt,NO
1939.txt,YES
1940.txt,NO
1941.txt,NO
1942.txt,NO
1943.txt,NO
1944.txt,NO
1945.txt,NO
1946.txt,NO
1947.txt,NO
1948.txt,YES
1949.txt,NO
1950.txt,NO
1951.txt,NO
1952.txt,NO
1953.txt,NO
1954.txt,NO
1955.txt,NO
1956.txt,NO
1957.txt,NO
1958.txt,NO
1959.txt,NO
1960.txt,NO
1961.txt,NO
1962.txt,NO
1963.txt,NO
1964.txt,NO
1965.txt,NO
1966.txt,NO
1967.txt,NO
1968.txt,NO
1969.txt,NO
1970.txt,NO
1971.txt,NO
1972.txt,NO
1973.txt,NO
1974.txt,NO
1975.txt,YES
1976.txt,NO
1977.txt,NO
1978.txt,NO
1979.txt,NO
1980.txt,YES
1981.txt,NO
1982.txt,NO
1983.txt,YES
1984.txt,NO
1985.txt,NO
1986.txt,NO
1987.txt,NO
1988.txt,NO
1989.txt,NO
1990.txt,NO
1991.txt,YES
1992.txt,NO
1993.txt,NO
1994.txt,NO
1995.txt,NO
1996.txt,NO
1997.txt,NO
1998.txt,NO
1999.txt,NO
2000.txt,NO
2001.txt,NO
2002.txt,YES
2003.txt,NO
2004.txt,NO
2005.txt,NO
2006.txt,YES
2007.txt,NO
2008.txt,YES
2009.txt,NO
2010.txt,YES
2011.txt,YES
2012.txt,NO
2013.txt,NO
2014.txt,NO
2015.txt,YES
2016.txt,NO
2017.txt,NO
2018.txt,NO
2019.txt,YES
2020.txt,NO
2021.txt,NO
2022.txt,NO
2023.txt,NO
2024.txt,NO
2025.txt,NO
2026.txt,NO
2027.txt,NO
2028.txt,NO
2029.txt,YES
2030.txt,NO
2031.txt,NO
2032.txt,YES
2033.txt,NO
2034.txt,NO
2035.txt,NO
2036.txt,YES
2037.txt,NO
2038.txt,NO
2039.txt,NO
2040.txt,NO
2041.txt,NO
2042.txt,NO
2043.txt,NO
2044.txt,NO
2045.txt,NO
2046.txt,NO
2047.txt,NO
2048.txt,NO
2049.txt,YES
2050.txt,NO
2051.txt,NO
2052.txt,YES
2053.txt,NO
2054.txt,YES
2055.txt,NO
2056.txt,NO
2057.txt,NO
2058.txt,NO
2059.txt,NO
2060.txt,NO
2061.txt,NO
2062.txt,NO
2063.txt,NO
2064.txt,NO
2065.txt,NO
2066.txt,NO
2067.txt,NO
2068.txt,NO
2069.txt,NO
2070.txt,NO
2071.txt,NO
2072.txt,NO
2073.txt,NO
2074.txt,NO
2075.txt,NO
2076.txt,NO
2077.txt,NO
2078.txt,NO
2079.txt,NO
2080.txt,NO
2081.txt,NO
2082.txt,NO
2083.txt,NO
2084.txt,NO
2085.txt,NO
2086.txt,NO
2087.txt,NO
2088.txt,NO
2089.txt,NO
2090.txt,NO
2091.txt,NO
2092.txt,NO
2093.txt,NO
2094.txt,YES
2095.txt,NO
2096.txt,NO
2097.txt,NO
2098.txt,NO
2099.txt,NO
2100.txt,NO
2101.txt,NO
2102.txt,NO
2103.txt,NO
2104.txt,NO
2105.txt,YES
2106.txt,YES
2107.txt,NO
2108.txt,NO
2109.txt,YES
2110.txt,NO
2111.txt,NO
2112.txt,YES
2113.txt,NO
2114.txt,NO
2115.txt,NO
2116.txt,NO
2117.txt,NO
2118.txt,NO
2119.txt,NO
2120.txt,NO
2121.txt,NO
2122.txt,NO
2123.txt,NO
2124.txt,YES
2125.txt,YES
2126.txt,NO
2127.txt,NO
2128.txt,NO
2129.txt,NO
2130.txt,NO
2131.txt,NO
2132.txt,NO
2133.txt,NO
2134.txt,YES
2135.txt,NO
2136.txt,YES
2137.txt,NO
2138.txt,YES
2139.txt,NO
2140.txt,NO
2141.txt,NO
2142.txt,NO
2143.txt,NO
2144.txt,NO
2145.txt,NO
2146.txt,NO
2147.txt,NO
2148.txt,NO
2149.txt,NO
2150.txt,NO
2151.txt,NO
2152.txt,NO
2153.txt,NO
2154.txt,NO
2155.txt,NO
2156.txt,YES
2157.txt,NO
2158.txt,NO
2159.txt,NO
2160.txt,NO
2161.txt,NO
2162.txt,NO
2163.txt,NO
2164.txt,NO
2165.txt,NO
2166.txt,YES
2167.txt,NO
2168.txt,NO
2169.txt,NO
2170.txt,NO
2171.txt,NO
2172.txt,NO
2173.txt,YES
2174.txt,NO
2175.txt,NO
2176.txt,NO
2177.txt,NO
2178.txt,YES
2179.txt,NO
2180.txt,NO
2181.txt,NO
2182.txt,NO
2183.txt,NO
2184.txt,NO
2185.txt,YES
2186.txt,YES
2187.txt,YES
2188.txt,YES
2189.txt,NO
2190.txt,NO
2191.txt,NO
2192.txt,NO
2193.txt,NO
2194.txt,NO
2195.txt,NO
2196.txt,NO
2197.txt,NO
2198.txt,NO
2199.txt,NO
2200.txt,NO
2201.txt,YES
2202.txt,NO
2203.txt,NO
2204.txt,NO
2205.txt,NO
2206.txt,NO
2207.txt,NO
2208.txt,NO
2209.txt,NO
2210.txt,YES
2211.txt,NO
2212.txt,NO
2213.txt,NO
2214.txt,NO
2215.txt,NO
2216.txt,NO
2217.txt,NO
2218.txt,NO
2219.txt,NO
2220.txt,YES
2221.txt,NO
2222.txt,NO
2223.txt,NO
2224.txt,NO
2225.txt,NO
2226.txt,NO
2227.txt,NO
2228.txt,NO
2229.txt,NO
2230.txt,NO
2231.txt,NO
2232.txt,NO
2233.txt,NO
2234.txt,NO
2235.txt,NO
2236.txt,NO
2237.txt,NO
2238.txt,NO
2239.txt,NO
2240.txt,NO
2241.txt,NO
2242.txt,NO
2243.txt,NO
2244.txt,NO
2245.txt,NO
2246.txt,NO
2247.txt,NO
2248.txt,NO
2249.txt,NO
2250.txt,NO
2251.txt,NO
2252.txt,NO
2253.txt,NO
2254.txt,YES
2255.txt,NO
2256.txt,NO
2257.txt,NO
2258.txt,NO
2259.txt,YES
2260.txt,NO
2261.txt,NO
2262.txt,NO
2263.txt,YES
2264.txt,NO
2265.txt,NO
2266.txt,NO
2267.txt,NO
2268.txt,NO
2269.txt,YES
2270.txt,NO
2271.txt,NO
2272.txt,YES
2273.txt,NO
2274.txt,NO
2275.txt,NO
2276.txt,NO
2277.txt,NO
2278.txt,NO
2279.txt,NO
2280.txt,NO
2281.txt,NO
2282.txt,YES
2283.txt,NO
2284.txt,NO
2285.txt,YES
2286.txt,NO
2287.txt,YES
2288.txt,NO
2289.txt,NO
2290.txt,NO
2291.txt,NO
2292.txt,YES
2293.txt,NO
2294.txt,NO
2295.txt,NO
2296.txt,NO
2297.txt,NO
2298.txt,NO
2299.txt,NO
2300.txt,NO
2301.txt,NO
2302.txt,YES
2303.txt,NO
2304.txt,NO
2305.txt,NO
2306.txt,NO
2307.txt,NO
2308.txt,NO
2309.txt,YES
2310.txt,NO
2311.txt,NO
2312.txt,NO
2313.txt,NO
2314.txt,NO
2315.txt,NO
2316.txt,NO
2317.txt,YES
2318.txt,NO
2319.txt,NO
2320.txt,NO
2321.txt,NO
2322.txt,NO
2323.txt,NO
2324.txt,NO
2325.txt,NO
2326.txt,NO
2327.txt,NO
2328.txt,NO
2329.txt,NO
2330.txt,NO
2331.txt,NO
2332.txt,NO
2333.txt,NO
2334.txt,NO
2335.txt,NO
2336.txt,NO
2337.txt,NO
2338.txt,NO
2339.txt,NO
2340.txt,NO
2341.txt,NO
2342.txt,NO
2343.txt,NO
2344.txt,NO
2345.txt,NO
2346.txt,NO
2347.txt,NO
2348.txt,NO
2349.txt,NO
2350.txt,NO
2351.txt,NO
2352.txt,NO
2353.txt,NO
2354.txt,NO
2355.txt,NO
2356.txt,YES
2357.txt,NO
2358.txt,NO
2359.txt,NO
2360.txt,NO
2361.txt,NO
2362.txt,NO
2363.txt,NO
2364.txt,NO
2365.txt,NO
2366.txt,NO
2367.txt,NO
2368.txt,NO
2369.txt,NO
2370.txt,NO
2371.txt,NO
2372.txt,NO
2373.txt,NO
2374.txt,NO
2375.txt,NO
2376.txt,NO
2377.txt,YES
2378.txt,NO
2379.txt,NO
2380.txt,YES
2381.txt,NO
2382.txt,NO
2383.txt,NO
2384.txt,NO
2385.txt,NO
2386.txt,NO
2387.txt,NO
2388.txt,NO
2389.txt,NO
2390.txt,NO
2391.txt,YES
2392.txt,NO
2393.txt,NO
2394.txt,NO
2395.txt,NO
2396.txt,NO
2397.txt,NO
2398.txt,NO
2399.txt,NO
2400.txt,NO
2401.txt,NO
2402.txt,NO
2403.txt,NO
2404.txt,NO
2405.txt,NO
2406.txt,NO
2407.txt,NO
2408.txt,NO
2409.txt,NO
2410.txt,NO
2411.txt,NO
2412.txt,NO
2413.txt,NO
2414.txt,NO
2415.txt,NO
2416.txt,YES
2417.txt,NO
2418.txt,NO
2419.txt,NO
2420.txt,NO
2421.txt,NO
2422.txt,NO
2423.txt,NO
2424.txt,NO
2425.txt,NO
2426.txt,NO
2427.txt,NO
2428.txt,NO
2429.txt,NO
2430.txt,NO
2431.txt,NO
2432.txt,NO
2433.txt,NO
2434.txt,NO
2435.txt,NO
2436.txt,NO
2437.txt,NO
2438.txt,NO
2439.txt,NO
2440.txt,NO
2441.txt,NO
2442.txt,NO
2443.txt,NO
2444.txt,NO
2445.txt,NO
2446.txt,NO
2447.txt,NO
2448.txt,NO
2449.txt,NO
2450.txt,NO
2451.txt,NO
2452.txt,YES
2453.txt,YES
2454.txt,YES
2455.txt,YES
2456.txt,NO
2457.txt,NO
2458.txt,NO
2459.txt,YES
2460.txt,NO
2461.txt,NO
2462.txt,NO
2463.txt,NO
2464.txt,NO
2465.txt,NO
2466.txt,NO
2467.txt,NO
2468.txt,NO
2469.txt,NO
2470.txt,NO
2471.txt,NO
2472.txt,NO
2473.txt,NO
2474.txt,NO
2475.txt,NO
2476.txt,NO
2477.txt,NO
2478.txt,NO
2479.txt,NO
2480.txt,NO
2481.txt,NO
2482.txt,NO
2483.txt,NO
2484.txt,NO
2485.txt,NO
2486.txt,NO
2487.txt,NO
2488.txt,NO
2489.txt,YES
2490.txt,NO
2491.txt,NO
2492.txt,NO
2493.txt,NO
2494.txt,NO
2495.txt,NO
2496.txt,NO
2497.txt,NO
2498.txt,YES
2499.txt,NO
2500.txt,NO
2501.txt,NO
2502.txt,NO
2503.txt,NO
2504.txt,NO
2505.txt,NO
2506.txt,NO
2507.txt,NO
2508.txt,NO
2509.txt,YES
2510.txt,NO
2511.txt,NO
2512.txt,NO
2513.txt,NO
2514.txt,NO
2515.txt,YES
2516.txt,NO
2517.txt,NO
2518.txt,NO
2519.txt,NO
2520.txt,NO
2521.txt,NO
2522.txt,YES
2523.txt,YES
2524.txt,NO
2525.txt,NO
2526.txt,NO
2527.txt,NO
2528.txt,NO
2529.txt,NO
2530.txt,NO
2531.txt,NO
2532.txt,NO
2533.txt,NO
2534.txt,YES
2535.txt,NO
2536.txt,NO
2537.txt,YES
2538.txt,NO
2539.txt,NO
2540.txt,YES
2541.txt,NO
2542.txt,NO
2543.txt,NO
2544.txt,NO
2545.txt,NO
2546.txt,NO
2547.txt,NO
2548.txt,NO
2549.txt,NO
2550.txt,NO
2551.txt,NO
2552.txt,NO
2553.txt,NO
2554.txt,NO
2555.txt,NO
2556.txt,NO
2557.txt,NO
2558.txt,YES
2559.txt,NO
2560.txt,NO
2561.txt,YES
2562.txt,NO
2563.txt,NO
2564.txt,NO
2565.txt,NO
2566.txt,NO
2567.txt,NO
2568.txt,NO
2569.txt,NO
2570.txt,YES
2571.txt,NO
2572.txt,NO
2573.txt,NO
2574.txt,NO
2575.txt,NO
2576.txt,NO
2577.txt,NO
2578.txt,NO
2579.txt,NO
2580.txt,YES
2581.txt,NO
2582.txt,NO
2583.txt,NO
2584.txt,NO
2585.txt,NO
2586.txt,NO
2587.txt,NO
2588.txt,NO
2589.txt,NO
2590.txt,NO
2591.txt,NO
2592.txt,NO
2593.txt,NO
2594.txt,NO
2595.txt,NO
2596.txt,NO
2597.txt,NO
2598.txt,NO
2599.txt,NO
2600.txt,NO
2601.txt,YES
2602.txt,NO
2603.txt,NO
2604.txt,NO
2605.txt,NO
2606.txt,NO
2607.txt,NO
2608.txt,NO
2609.txt,NO
2610.txt,NO
2611.txt,NO
2612.txt,NO
2613.txt,NO
2614.txt,YES
2615.txt,NO
2616.txt,NO
2617.txt,NO
2618.txt,NO
2619.txt,NO
2620.txt,NO
2621.txt,NO
2622.txt,NO
2623.txt,NO
2624.txt,NO
2625.txt,NO
2626.txt,NO
2627.txt,NO
2628.txt,NO
2629.txt,NO
2630.txt,NO
2631.txt,NO
2632.txt,NO
2633.txt,NO
2634.txt,NO
2635.txt,NO
2636.txt,NO
2637.txt,NO
2638.txt,NO
2639.txt,NO
2640.txt,YES
2641.txt,NO
2642.txt,NO
2643.txt,NO
2644.txt,NO
2645.txt,NO
2646.txt,NO
2647.txt,NO
2648.txt,NO
2649.txt,NO
2650.txt,NO
2651.txt,NO
2652.txt,NO
2653.txt,NO
2654.txt,NO
2655.txt,YES
2656.txt,NO
2657.txt,NO
2658.txt,NO
2659.txt,NO
2660.txt,NO
2661.txt,NO
2662.txt,NO
2663.txt,NO
2664.txt,NO
2665.txt,NO
2666.txt,NO
2667.txt,NO
2668.txt,NO
2669.txt,NO
2670.txt,NO
2671.txt,NO
2672.txt,NO
2673.txt,NO
2674.txt,NO
2675.txt,NO
2676.txt,NO
2677.txt,NO
2678.txt,NO
2679.txt,NO
2680.txt,NO
2681.txt,NO
2682.txt,YES
2683.txt,NO
2684.txt,NO
2685.txt,NO
2686.txt,NO
2687.txt,YES
2688.txt,NO
2689.txt,NO
2690.txt,NO
2691.txt,NO
2692.txt,NO
2693.txt,NO
2694.txt,NO
2695.txt,NO
2696.txt,NO
2697.txt,YES
2698.txt,NO
2699.txt,YES
2700.txt,NO
2701.txt,NO
2702.txt,NO
2703.txt,NO
2704.txt,NO
2705.txt,NO
2706.txt,NO
2707.txt,NO
2708.txt,YES
2709.txt,NO
2710.txt,NO
2711.txt,YES
2712.txt,NO
2713.txt,NO
2714.txt,NO
2715.txt,NO
2716.txt,NO
2717.txt,NO
2718.txt,NO
2719.txt,NO
2720.txt,NO
2721.txt,NO
2722.txt,NO
2723.txt,YES
2724.txt,NO
2725.txt,NO
2726.txt,NO
2727.txt,NO
2728.txt,NO
2729.txt,NO
2730.txt,NO
2731.txt,NO
2732.txt,NO
2733.txt,NO
2734.txt,NO
2735.txt,NO
2736.txt,NO
2737.txt,NO
2738.txt,NO
2739.txt,NO
2740.txt,NO
2741.txt,YES
2742.txt,NO
2743.txt,NO
2744.txt,NO
2745.txt,NO
2746.txt,YES
2747.txt,NO
2748.txt,YES
2749.txt,NO
2750.txt,NO
2751.txt,NO
2752.txt,NO
2753.txt,YES
2754.txt,NO
2755.txt,NO
2756.txt,NO
2757.txt,YES
2758.txt,NO
2759.txt,NO
2760.txt,NO
2761.txt,NO
2762.txt,NO
2763.txt,NO
2764.txt,NO
2765.txt,NO
2766.txt,YES
2767.txt,NO
2768.txt,NO
2769.txt,NO
2770.txt,NO
2771.txt,NO
2772.txt,NO
2773.txt,NO
2774.txt,NO
2775.txt,NO
2776.txt,YES
2777.txt,NO
2778.txt,YES
2779.txt,NO
2780.txt,NO
2781.txt,NO
2782.txt,NO
2783.txt,NO
2784.txt,NO
2785.txt,YES
2786.txt,NO
2787.txt,NO
2788.txt,NO
2789.txt,NO
2790.txt,NO
2791.txt,NO
2792.txt,NO
2793.txt,YES
2794.txt,NO
2795.txt,NO
2796.txt,NO
2797.txt,NO
2798.txt,NO
2799.txt,NO
2800.txt,NO
2801.txt,NO
2802.txt,NO
2803.txt,NO
2804.txt,NO
2805.txt,NO
2806.txt,NO
2807.txt,NO
2808.txt,NO
2809.txt,NO
2810.txt,NO
2811.txt,NO
2812.txt,NO
2813.txt,NO
2814.txt,NO
2815.txt,YES
2816.txt,NO
2817.txt,YES
2818.txt,NO
2819.txt,NO
2820.txt,NO
2821.txt,NO
2822.txt,NO
2823.txt,NO
2824.txt,NO
2825.txt,NO
2826.txt,NO
2827.txt,NO
2828.txt,NO
2829.txt,NO
2830.txt,NO
2831.txt,NO
2832.txt,NO
2833.txt,NO
2834.txt,NO
2835.txt,NO
2836.txt,YES
2837.txt,NO
2838.txt,NO
2839.txt,NO
2840.txt,YES
2841.txt,NO
2842.txt,NO
2843.txt,NO
2844.txt,NO
2845.txt,NO
2846.txt,NO
2847.txt,NO
2848.txt,NO
2849.txt,NO
2850.txt,NO
2851.txt,NO
2852.txt,NO
2853.txt,NO
2854.txt,NO
2855.txt,NO
2856.txt,YES
2857.txt,NO
2858.txt,YES
2859.txt,YES
2860.txt,NO
2861.txt,NO
2862.txt,NO
2863.txt,NO
2864.txt,NO
2865.txt,NO
2866.txt,YES
2867.txt,NO
2868.txt,NO
2869.txt,NO
2870.txt,NO
2871.txt,NO
2872.txt,NO
2873.txt,NO
2874.txt,NO
2875.txt,NO
2876.txt,NO
2877.txt,YES
2878.txt,YES
2879.txt,NO
2880.txt,NO
2881.txt,NO
2882.txt,NO
2883.txt,NO
2884.txt,NO
2885.txt,NO
2886.txt,NO
2887.txt,YES
2888.txt,NO
2889.txt,NO
2890.txt,NO
2891.txt,NO
2892.txt,NO
2893.txt,NO
2894.txt,NO
2895.txt,NO
2896.txt,NO
2897.txt,NO
2898.txt,NO
2899.txt,NO
2900.txt,NO
2901.txt,NO
2902.txt,NO
2903.txt,YES
2904.txt,NO
2905.txt,NO
2906.txt,NO
2907.txt,NO
2908.txt,NO
2909.txt,NO
2910.txt,NO
2911.txt,NO
2912.txt,NO
2913.txt,NO
2914.txt,YES
2915.txt,NO
2916.txt,NO
2917.txt,NO
2918.txt,YES
2919.txt,NO
2920.txt,NO
2921.txt,NO
2922.txt,NO
2923.txt,NO
2924.txt,NO
2925.txt,NO
2926.txt,NO
2927.txt,NO
2928.txt,YES
2929.txt,YES
2930.txt,NO
2931.txt,NO
2932.txt,NO
2933.txt,NO
2934.txt,NO
2935.txt,YES
2936.txt,YES
2937.txt,NO
2938.txt,NO
2939.txt,NO
2940.txt,NO
2941.txt,NO
2942.txt,NO
2943.txt,NO
2944.txt,NO
2945.txt,YES
2946.txt,NO
2947.txt,NO
2948.txt,YES
2949.txt,NO
2950.txt,NO
2951.txt,NO
2952.txt,NO
2953.txt,NO
2954.txt,NO
2955.txt,NO
2956.txt,NO
2957.txt,NO
2958.txt,NO
2959.txt,YES
2960.txt,NO
2961.txt,NO
2962.txt,NO
2963.txt,NO
2964.txt,NO
2965.txt,NO
2966.txt,NO
2967.txt,NO
2968.txt,YES
2969.txt,NO
2970.txt,NO
2971.txt,NO
2972.txt,NO
2973.txt,NO
2974.txt,YES
2975.txt,NO
2976.txt,NO
2977.txt,NO
2978.txt,NO
2979.txt,NO
2980.txt,NO
2981.txt,NO
2982.txt,NO
2983.txt,NO
2984.txt,NO
2985.txt,NO
2986.txt,NO
2987.txt,NO
2988.txt,NO
2989.txt,NO
2990.txt,NO
2991.txt,NO
2992.txt,NO
2993.txt,NO
2994.txt,NO
2995.txt,NO
2996.txt,NO
2997.txt,NO
2998.txt,NO
2999.txt,NO
3000.txt,NO
3001.txt,NO
3002.txt,NO
3003.txt,NO
3004.txt,NO
3005.txt,NO
3006.txt,NO
3007.txt,NO
3008.txt,NO
3009.txt,NO
3010.txt,NO
3011.txt,NO
3012.txt,NO
3013.txt,NO
3014.txt,NO
3015.txt,NO
3016.txt,YES
3017.txt,NO
3018.txt,NO
3019.txt,NO
3020.txt,NO
3021.txt,NO
3022.txt,NO
3023.txt,NO
3024.txt,NO
3025.txt,NO
3026.txt,NO
3027.txt,YES
3028.txt,NO
3029.txt,NO
3030.txt,NO
3031.txt,NO
3032.txt,YES
3033.txt,NO
3034.txt,NO
3035.txt,NO
3036.txt,NO
3037.txt,NO
3038.txt,NO
3039.txt,NO
3040.txt,NO
3041.txt,NO
3042.txt,NO
3043.txt,NO
3044.txt,NO
3045.txt,NO
3046.txt,NO
3047.txt,YES
3048.txt,NO
3049.txt,YES
3050.txt,NO
3051.txt,NO
3052.txt,NO
3053.txt,NO
3054.txt,NO
3055.txt,NO
3056.txt,NO
3057.txt,NO
3058.txt,NO
3059.txt,NO
3060.txt,NO
3061.txt,NO
3062.txt,NO
3063.txt,NO
3064.txt,NO
3065.txt,NO
3066.txt,NO
3067.txt,NO
3068.txt,NO
3069.txt,NO
3070.txt,NO
3071.txt,NO
3072.txt,YES
3073.txt,NO
3074.txt,NO
3075.txt,NO
3076.txt,NO
3077.txt,NO
3078.txt,NO
3079.txt,YES
3080.txt,NO
3081.txt,NO
3082.txt,NO
3083.txt,NO
3084.txt,NO
3085.txt,NO
3086.txt,NO
3087.txt,NO
3088.txt,NO
3089.txt,NO
3090.txt,NO
3091.txt,NO
3092.txt,NO
3093.txt,NO
3094.txt,NO
3095.txt,NO
3096.txt,NO
3097.txt,NO
3098.txt,NO
3099.txt,NO
3100.txt,NO
3101.txt,NO
3102.txt,NO
3103.txt,NO
3104.txt,NO
3105.txt,NO
3106.txt,NO
3107.txt,NO
3108.txt,NO
3109.txt,YES
3110.txt,NO
3111.txt,NO
3112.txt,NO
3113.txt,NO
3114.txt,NO
3115.txt,NO
3116.txt,NO
3117.txt,NO
3118.txt,NO
3119.txt,NO
3120.txt,NO
3121.txt,YES
3122.txt,NO
3123.txt,NO
3124.txt,NO
3125.txt,NO
3126.txt,NO
3127.txt,NO
3128.txt,NO
3129.txt,NO
3130.txt,NO
3131.txt,NO
3132.txt,NO
3133.txt,NO
3134.txt,NO
3135.txt,NO
3136.txt,NO
3137.txt,NO
3138.txt,NO
3139.txt,NO
3140.txt,NO
3141.txt,NO
3142.txt,NO
3143.txt,NO
3144.txt,NO
3145.txt,NO
3146.txt,NO
3147.txt,NO
3148.txt,NO
3149.txt,NO
3150.txt,NO
3151.txt,NO
3152.txt,NO
3153.txt,NO
3154.txt,NO
3155.txt,NO
3156.txt,NO
3157.txt,NO
3158.txt,NO
3159.txt,YES
3160.txt,NO
3161.txt,NO
3162.txt,NO
3163.txt,NO
3164.txt,NO
3165.txt,NO
3166.txt,NO
3167.txt,NO
3168.txt,NO
3169.txt,NO
3170.txt,NO
3171.txt,NO
3172.txt,NO
3173.txt,NO
3174.txt,NO
3175.txt,NO
3176.txt,NO
3177.txt,NO
3178.txt,NO
3179.txt,NO
3180.txt,NO
3181.txt,NO
3182.txt,NO
3183.txt,NO
3184.txt,NO
3185.txt,NO
3186.txt,NO
3187.txt,NO
3188.txt,NO
3189.txt,NO
3190.txt,NO
3191.txt,NO
3192.txt,NO
3193.txt,NO
3194.txt,NO
3195.txt,NO
3196.txt,NO
3197.txt,NO
3198.txt,NO
3199.txt,NO
3200.txt,NO
3201.txt,NO
3202.txt,NO
3203.txt,NO
3204.txt,NO
3205.txt,NO
3206.txt,NO
3207.txt,NO
3208.txt,NO
3209.txt,NO
3210.txt,NO
3211.txt,NO
3212.txt,NO
3213.txt,NO
3214.txt,NO
3215.txt,NO
3216.txt,NO
3217.txt,NO
3218.txt,NO
3219.txt,NO
3220.txt,NO
3221.txt,NO
3222.txt,NO
3223.txt,NO
3224.txt,NO
3225.txt,NO
3226.txt,NO
3227.txt,NO
3228.txt,NO
3229.txt,NO
3230.txt,NO
3231.txt,NO
3232.txt,NO
3233.txt,NO
3234.txt,NO
3235.txt,NO
